Date,KBWB,XLI,REK,,KBWB_return,XLI_return,REK_return,,시가총액 비율,,,,공분산 행렬,,,,λ(2~4),τ(0.01~0.05)
11/24/2024,71.03,143.99,16.13,,0.005948166,0.009393621,-0.018498235,,KBWB,0.087810642,"1,910,000,000",,0.001368733,0.000757664,-0.000565785,,3,0.05
11/17/2024,70.61,142.65,16.434,,0.01949177,0.025447488,-0.024688427,,XLI,0.911667552,"19,830,000,000",,0.000757664,0.000675273,-0.000505252,,,
11/10/2024,69.26,139.11,16.85,,0.023042836,-0.020972623,0.022823844,,REK,0.000521807,"11,350,000",,-0.000565785,-0.000505252,0.000783171,,,
11/03/2024,67.7,142.09,16.474,,0.085980109,0.060294008,-0.026531939,,,,,,,,,,,
10/27/2024,62.34,134.01,16.923,,0.007270965,-0.010265879,0.032519829,,과거 데이터 기반 기대 수익률(시간가중),,,,,전망 확신도 구하기,,,,
10/20/2024,61.89,135.4,16.39,,-0.014647349,-0.02778775,0.015489467,,KBWB,0.002277068,0.12555125,,,KBWB,0.001366662,,0.515865795,
10/13/2024,62.81,139.27,16.14,,0.02832351,0.006140731,-0.028296207,,XLI,0.002267042,0.124965921,,,XLI,0.000674251,,0.761149335,
10/06/2024,61.08,138.42,16.61,,0.039482641,0.02147443,0.004232164,,REK,0.00222899,0.122747124,,,REK,0.000781986,,0.72298487,
09/29/2024,58.76,135.51,16.54,,0.008755365,0.005043388,0.019100431,,,주간,연환산,,,분산 합,0.002822899,,,
09/22/2024,58.25,134.83,16.23,,-0.015714769,0.012389248,-0.016304018,,,,,,,,,,,
09/15/2024,59.18,133.18,16.499,,0.045583039,0.019989278,0.015323077,,과거 데이터 기반 기대 수익률(단순평균),,,,,,,,,
09/08/2024,56.6,130.57,16.25,,0.002834869,0.037175312,-0.035035629,,KBWB,0.002246196,0.123749886,,,,,,,
09/01/2024,56.44,125.89,16.84,,-0.053178997,-0.042370303,0.000653634,,XLI,0.002240587,0.123422903,,,,,,,
08/25/2024,59.61,131.46,16.829,,0.020369736,0.016862624,0.00113028,,REK,0.002214409,0.121898082,,,,,,,
08/18/2024,58.42,129.28,16.81,,0.026352776,0.018193274,-0.037723968,,,,,,,,,,,
08/11/2024,56.92,126.97,17.469,,0.039255067,0.021644673,0.001835178,,,,,,,,,,,
08/04/2024,54.77,124.28,17.437,,0.004217088,0.012629349,0.00304878,,XLI 초과수익률,,,,,,,,,
07/28/2024,54.54,122.73,17.384,,-0.07715736,-0.028266033,-0.028338271,16년초,49.72,16년도 수익률,,0.269911504,,,,,,
07/21/2024,59.1,126.3,17.891,,0.026398055,0.01145191,-0.004507011,16년 말,63.14,17년도 수익률,,0.252296484,,,,,,
07/14/2024,57.58,124.87,17.972,,0.033010405,0.00555645,-0.010025339,17년말,79.07,,,,,,,,,
07/07/2024,55.74,124.18,18.154,,0.042843779,0.024418413,-0.041043791,,,,,,,,,,,
06/30/2024,53.45,121.22,18.931,,-0.000934579,-0.005333552,0.002329645,,,,,,,,,,,
06/23/2024,53.5,121.87,18.887,,0.018659558,-0.008945271,-0.020587015,,,,,,,,,,,
06/16/2024,52.52,122.97,19.284,,0.016057264,0.015022699,0.002338999,,,,,,,,,,,
06/09/2024,51.69,121.15,19.239,,-0.025636192,-0.009646039,-0.011356629,,,,,,,,,,,
06/02/2024,53.05,122.33,19.46,,-0.017956312,-0.009553882,0.003351379,,,,,,,,,,,
05/26/2024,54.02,123.51,19.395,,0.002226345,-0.007632974,-0.018570995,,,,,,,,,,,
05/19/2024,53.9,124.46,19.762,,-0.023550725,-0.006941674,0.039448769,,,,,,,,,,,
05/12/2024,55.2,125.33,19.012,,0.013401873,-0.00278485,-0.021966151,,,,,,,,,,,
05/05/2024,54.47,125.68,19.439,,0.028317916,0.023702859,-0.020458554,,,,,,,,,,,
04/28/2024,52.97,122.77,19.845,,0.006842806,0.000896788,-0.013569937,,,,,,,,,,,
04/21/2024,52.61,122.66,20.118,,0.025736011,0.0181788,-0.014789422,,,,,,,,,,,
04/14/2024,51.29,120.47,20.42,,0.020493434,-0.019772172,0.038815689,,,,,,,,,,,
04/07/2024,50.26,122.9,19.657,,-0.036611079,-0.022041856,0.031917686,,,,,,,,,,,
03/31/2024,52.17,125.67,19.049,,-0.027767425,-0.002302318,0.031124824,,,,,,,,,,,
03/24/2024,53.66,125.96,18.474,,0.031923077,0.005989937,-0.021556062,,,,,,,,,,,
03/17/2024,52,125.21,18.881,,0.027464928,0.02597509,-0.006210853,,,,,,,,,,,
03/10/2024,50.61,122.04,18.999,,-0.010363707,-0.00212592,0.031209292,,,,,,,,,,,
03/03/2024,51.14,122.3,18.424,,0.029802658,0.006418697,-0.013810085,,,,,,,,,,,
02/25/2024,49.66,121.52,18.682,,0.007711039,0.010813509,-0.019729248,,,,,,,,,,,
02/18/2024,49.28,120.22,19.058,,0.004279601,0.018554605,-0.007395833,,,,,,,,,,,
02/11/2024,49.07,118.03,19.2,,0.019318654,0.009234716,0.00140823,,,,,,,,,,,
02/04/2024,48.14,116.95,19.173,,-0.011092851,0.011853262,0.000260851,,,,,,,,,,,
01/28/2024,48.68,115.58,19.168,,-0.014973695,0.018954421,0.004612159,,,,,,,,,,,
01/21/2024,49.42,113.43,19.08,,0.024248705,0.008714984,0.005798629,,,,,,,,,,,
01/14/2024,48.25,112.45,18.97,,0,0.003032736,0.021540118,,,,,,,,,,,
01/07/2024,48.25,112.11,18.57,,-0.030735235,0.006102486,-0.004823151,,,,,,,,,,,
12/31/2023,49.78,111.43,18.66,,0.011994308,-0.02245811,0.023026316,,,,,,,,,,,
12/24/2023,49.19,113.99,18.24,,0.008611852,0.007601874,-0.007076756,,,,,,,,,,,
12/17/2023,48.77,113.13,18.37,,-0.012753036,0.000973279,-0.017647059,,,,,,,,,,,
12/10/2023,49.4,113.02,18.7,,0.081199387,0.03726138,-0.054122408,,,,,,,,,,,
12/03/2023,45.69,108.96,19.77,,0.016688919,0.002023175,0.005083884,,,,,,,,,,,
11/26/2023,44.94,108.74,19.67,,0.057660626,0.022569118,-0.044217687,,,,,,,,,,,
11/19/2023,42.49,106.34,20.58,,-0.009095149,0.006912224,-0.00867052,,,,,,,,,,,
11/12/2023,42.88,105.61,20.76,,0.068793619,0.029839103,-0.043758637,,,,,,,,,,,
11/05/2023,40.12,102.55,21.71,,-0.019070905,0.009350394,0.02212806,,,,,,,,,,,
10/29/2023,40.9,101.6,21.24,,0.113228089,0.05350477,-0.072489083,,,,,,,,,,,
10/22/2023,36.74,96.44,22.9,,-0.021571238,-0.02289767,0.00703606,,,,,,,,,,,
10/15/2023,37.55,98.7,22.74,,-0.036932547,-0.02997543,0.046961326,,,,,,,,,,,
10/08/2023,38.99,101.75,21.72,,0.001284027,0.009624926,-0.022854058,,,,,,,,,,,
10/01/2023,38.94,100.78,22.228,,-0.028200649,-0.005918327,0.015440841,,,,,,,,,,,
09/24/2023,40.07,101.38,21.89,,-0.000249501,-0.004027901,0.016531996,,,,,,,,,,,
09/17/2023,40.08,101.79,21.534,,-0.054939873,-0.030571429,0.042808717,,,,,,,,,,,
09/10/2023,42.41,105,20.65,,0.023654357,-0.005964215,-0.001933301,,,,,,,,,,,
09/03/2023,41.43,105.63,20.69,,-0.02356823,-0.029136029,0.01223092,,,,,,,,,,,
08/27/2023,42.43,108.8,20.44,,0.032108976,0.02121269,-0.013513514,,,,,,,,,,,
08/20/2023,41.11,106.54,20.72,,-0.022121789,0.002823795,-0.003367003,,,,,,,,,,,
08/13/2023,42.04,106.24,20.79,,-0.055705301,-0.024336486,0.032274081,,,,,,,,,,,
08/06/2023,44.52,108.89,20.14,,-0.013516508,0.006005174,-0.006413419,,,,,,,,,,,
07/30/2023,45.13,108.24,20.27,,-0.010524008,-0.017429194,0.026329114,,,,,,,,,,,
07/23/2023,45.61,110.16,19.75,,0.016039207,0.005568234,0.019091847,,,,,,,,,,,
07/16/2023,44.89,109.55,19.38,,0.065511512,0.00865482,0.00623053,,,,,,,,,,,
07/09/2023,42.13,108.61,19.26,,0.020343909,0.022693032,-0.023821591,,,,,,,,,,,
07/02/2023,41.29,106.2,19.73,,0.005846529,-0.010436079,-0.001012658,,,,,,,,,,,
06/25/2023,41.05,107.32,19.75,,0.035570131,0.039116964,-0.048192771,,,,,,,,,,,
06/18/2023,39.64,103.28,20.75,,-0.059995257,-0.020578473,0.03439681,,,,,,,,,,,
06/11/2023,42.17,105.45,20.06,,-0.004955168,0.029785156,-0.014250614,,,,,,,,,,,
06/04/2023,42.38,102.4,20.35,,0.023671498,0.014464038,-0.007801073,,,,,,,,,,,
05/28/2023,41.4,100.94,20.51,,0.032418953,0.026438885,-0.028422549,,,,,,,,,,,
05/21/2023,40.1,98.34,21.11,,0.013650152,-0.01443175,0.014416146,,,,,,,,,,,
05/14/2023,39.56,99.78,20.81,,0.058036908,0.01320065,0.025628388,,,,,,,,,,,
05/07/2023,37.39,98.48,20.29,,-0.033600414,-0.010350719,0.007948336,,,,,,,,,,,
04/30/2023,38.69,99.51,20.13,,-0.072627037,-0.0049,0.012066365,,,,,,,,,,,
04/23/2023,41.72,100,19.89,,-0.018121911,-0.006063016,-0.013882003,,,,,,,,,,,
04/16/2023,42.49,100.61,20.17,,-0.00070555,0.007813283,-0.01705653,,,,,,,,,,,
04/09/2023,42.52,99.83,20.52,,0.031538088,0.021069858,0.015841584,,,,,,,,,,,
04/02/2023,41.22,97.77,20.2,,-0.017869907,-0.033702313,0.008991009,,,,,,,,,,,
03/26/2023,41.97,101.18,20.02,,0.04741702,0.0440615,-0.051634297,,,,,,,,,,,
03/19/2023,40.07,96.91,21.11,,-0.013782919,0.002482673,0.006196378,,,,,,,,,,,
03/12/2023,40.63,96.67,20.98,,-0.14553102,-0.023535354,0.000954198,,,,,,,,,,,
03/05/2023,47.55,99,20.96,,-0.155267365,-0.045046783,0.0781893,,,,,,,,,,,
02/26/2023,56.29,103.67,19.44,,0.004640371,0.033496162,-0.014198783,,,,,,,,,,,
02/19/2023,56.03,100.31,19.72,,-0.024886878,-0.026400078,0.041292639,,,,,,,,,,,
02/12/2023,57.46,103.03,18.938,,-0.005366107,0.00871353,0.010565635,,,,,,,,,,,
02/05/2023,57.77,102.14,18.74,,-0.018018018,-0.006903257,0.022925764,,,,,,,,,,,
01/29/2023,58.83,102.85,18.32,,0.023842673,0.016907257,-0.015053763,,,,,,,,,,,
01/22/2023,57.46,101.14,18.6,,0.047011662,0.021719366,-0.025157233,,,,,,,,,,,
01/15/2023,54.88,98.99,19.08,,-0.005977178,-0.033866875,0.006329114,,,,,,,,,,,
01/08/2023,55.21,102.46,18.96,,0.023165308,0.015360222,-0.043390515,,,,,,,,,,,
01/01/2023,53.96,100.91,19.82,,0.045331267,0.027492109,-0.026522593,,,,,,,,,,,
12/25/2022,51.62,98.21,20.36,,0.01754386,-0.001829454,0.004440059,,,,,,,,,,,
12/18/2022,50.73,98.39,20.27,,0.007947546,0.002956167,-0.000493097,,,,,,,,,,,
12/11/2022,50.33,98.1,20.28,,-0.027627512,-0.009791057,0.020634122,,,,,,,,,,,
12/04/2022,51.76,99.07,19.87,,-0.055129609,-0.031857715,0.018452076,,,,,,,,,,,
11/27/2022,54.78,102.33,19.51,,-0.014570966,0.010167818,-0.008587835,,,,,,,,,,,
11/20/2022,55.59,101.3,19.679,,0.020936639,0.018704747,-0.014078156,,,,,,,,,,,
11/13/2022,54.45,99.44,19.96,,-0.036964981,-0.00090425,0.018887187,,,,,,,,,,,
11/06/2022,56.54,99.53,19.59,,0.058405092,0.046912801,-0.068030447,,,,,,,,,,,
10/30/2022,53.42,95.07,21.02,,-0.004658096,0.004755866,0.019398642,,,,,,,,,,,
10/23/2022,53.67,94.62,20.62,,0.058788716,0.066862104,-0.065700045,,,,,,,,,,,
10/16/2022,50.69,88.69,22.07,,0.004558066,0.04661317,-0.024314766,,,,,,,,,,,
10/09/2022,50.46,84.74,22.62,,0.007185629,-0.004931893,0.022141889,,,,,,,,,,,
10/02/2022,50.1,85.16,22.13,,0.01995114,0.028005794,0.031701632,,,,,,,,,,,
09/25/2022,49.12,82.84,21.45,,-0.029824215,-0.022536873,0.040252182,,,,,,,,,,,
09/18/2022,50.63,84.75,20.62,,-0.074575032,-0.049994395,0.068393782,,,,,,,,,,,
09/11/2022,54.71,89.21,19.3,,-0.035777229,-0.063805226,0.06043956,,,,,,,,,,,
09/04/2022,56.74,95.29,18.2,,0.050740741,0.033962674,-0.040590406,,,,,,,,,,,
08/28/2022,54,92.16,18.97,,-0.025094782,-0.035175879,0.04002193,,,,,,,,,,,
08/21/2022,55.39,95.52,18.24,,-0.039701803,-0.03358964,0.034600113,,,,,,,,,,,
08/14/2022,57.68,98.84,17.63,,-0.024027073,-0.010016026,0.02262181,,,,,,,,,,,
08/07/2022,59.1,99.84,17.24,,0.059519541,0.038701623,-0.039018952,,,,,,,,,,,
07/31/2022,55.78,96.12,17.94,,0.00197593,0.005018821,0.01585504,,,,,,,,,,,
07/24/2022,55.67,95.64,17.66,,0.021280499,0.057379768,-0.050537634,,,,,,,,,,,
07/17/2022,54.51,90.45,18.6,,0.02231808,0.041570705,-0.028720627,,,,,,,,,,,
07/10/2022,53.32,86.84,19.15,,0.009657262,-0.012171539,0.003143007,,,,,,,,,,,
07/03/2022,52.81,87.91,19.09,,0.005330287,-0.00215664,0.01005291,,,,,,,,,,,
06/26/2022,52.53,88.1,18.9,,-0.022515817,-0.008106282,0.000529381,,,,,,,,,,,
06/19/2022,53.74,88.82,18.89,,0.035851966,0.038101917,-0.068540434,,,,,,,,,,,
06/12/2022,51.88,85.56,20.28,,-0.045446182,-0.058124174,0.05023304,,,,,,,,,,,
06/05/2022,54.35,90.84,19.31,,-0.078344921,-0.049293564,0.061572292,,,,,,,,,,,
05/29/2022,58.97,95.55,18.19,,-0.01618285,0.00083796,0.017964072,,,,,,,,,,,
05/22/2022,59.94,95.47,17.869,,0.092997812,0.063851125,-0.057044855,,,,,,,,,,,
05/15/2022,54.84,89.74,18.95,,-0.007420814,-0.036090226,0.020518068,,,,,,,,,,,
05/08/2022,55.25,93.1,18.569,,-0.045933345,-0.025335008,0.027614831,,,,,,,,,,,
05/01/2022,57.91,95.52,18.07,,0.023506539,0.003994114,0.041498559,,,,,,,,,,,
04/24/2022,56.58,95.14,17.35,,-0.050511831,-0.033424769,0.050432887,,,,,,,,,,,
04/17/2022,59.59,98.43,16.517,,-0.006005004,-0.015109065,-0.01273162,,,,,,,,,,,
04/10/2022,59.95,99.94,16.73,,-0.025678531,0.003413655,0.012650566,,,,,,,,,,,
04/03/2022,61.53,99.6,16.521,,-0.022091545,-0.02524956,0.002183803,,,,,,,,,,,
03/27/2022,62.92,102.18,16.485,,-0.065081724,-0.014847667,-0.039895166,,,,,,,,,,,
03/20/2022,67.3,103.72,17.17,,0.005077658,0.008556982,-0.002382197,,,,,,,,,,,
03/13/2022,66.96,102.84,17.211,,0.060332542,0.050030631,-0.029983656,,,,,,,,,,,
03/06/2022,63.15,97.94,17.743,,-0.022597121,-0.024404821,0.012150599,,,,,,,,,,,
02/27/2022,64.61,100.39,17.53,,-0.075943936,0.012710582,-0.009380651,,,,,,,,,,,
02/20/2022,69.92,99.13,17.696,,-0.010752688,0.008033354,-0.021238938,,,,,,,,,,,
02/13/2022,70.68,98.34,18.08,,-0.028453608,-0.0102657,0.016129939,,,,,,,,,,,
02/06/2022,72.75,99.36,17.793,,0.010136073,-0.007491759,0.020299329,,,,,,,,,,,
01/30/2022,72.02,100.11,17.439,,0.042710294,0.004112337,-0.005814948,,,,,,,,,,,
01/23/2022,69.07,99.7,17.541,,0.016632323,-0.014822134,0.004696718,,,,,,,,,,,
01/16/2022,67.94,101.2,17.459,,-0.100608949,-0.04393009,0.03675772,,,,,,,,,,,
01/09/2022,75.54,105.85,16.84,,0.010974304,-0.006009954,0.014518947,,,,,,,,,,,
01/02/2022,74.72,106.49,16.599,,0.101415094,0.006426614,0.048048996,,,,,,,,,,,
12/26/2021,67.84,105.81,15.838,,0.008023774,0.018187067,-0.036442173,,,,,,,,,,,
12/19/2021,67.3,103.92,16.437,,0.006731488,0.014447481,-0.009401555,,,,,,,,,,,
12/12/2021,66.85,102.44,16.593,,-0.028201774,-0.027622212,-0.012556534,,,,,,,,,,,
12/05/2021,68.79,105.35,16.804,,0.023051755,0.030821918,-0.025629131,,,,,,,,,,,
11/28/2021,67.24,102.2,17.246,,-0.032657172,-0.009785873,-0.005420992,,,,,,,,,,,
11/21/2021,69.51,103.21,17.34,,-0.010252029,-0.023834295,0.01445036,,,,,,,,,,,
11/14/2021,70.23,105.73,17.093,,-0.026880975,-0.010944808,0.000878323,,,,,,,,,,,
11/07/2021,72.17,106.9,17.078,,0.006414726,0.004793684,0.0010551,,,,,,,,,,,
10/31/2021,71.71,106.39,17.06,,0.004060487,0.018183558,-0.001755413,,,,,,,,,,,
10/24/2021,71.42,104.49,17.09,,-0.026842894,-0.002958015,0.00058548,,,,,,,,,,,
10/17/2021,73.39,104.8,17.08,,0.04084527,0.018563514,-0.026780627,,,,,,,,,,,
10/10/2021,70.51,102.89,17.55,,0.004702194,0.019217434,-0.036772777,,,,,,,,,,,
10/03/2021,70.18,100.95,18.22,,0.022882962,0.01784634,0.004299416,,,,,,,,,,,
09/26/2021,68.61,99.18,18.142,,0.025713859,-0.016559246,0.015903237,,,,,,,,,,,
09/19/2021,66.89,100.85,17.858,,0.026077619,0.005182896,0.010410773,,,,,,,,,,,
09/12/2021,65.19,100.33,17.674,,0.010697674,-0.015986661,0.003349418,,,,,,,,,,,
09/05/2021,64.5,101.96,17.615,,-0.013157895,-0.025145807,0.037396938,,,,,,,,,,,
08/29/2021,65.36,104.59,16.98,,-0.037549698,-0.003145254,-0.038505096,,,,,,,,,,,
08/22/2021,67.91,104.92,17.66,,0.053358151,0.022313164,-0.001244203,,,,,,,,,,,
08/15/2021,64.47,102.63,17.682,,-0.037330148,-0.022571429,-0.002425952,,,,,,,,,,,
08/08/2021,66.97,105,17.725,,0.019951264,0.014100831,0.001978519,,,,,,,,,,,
08/01/2021,65.66,103.54,17.69,,0.043879173,0.001741486,-0.004053598,,,,,,,,,,,
07/25/2021,62.9,103.36,17.762,,0.009955042,-0.002412895,-0.004372197,,,,,,,,,,,
07/18/2021,62.28,103.61,17.84,,-0.002722178,0.016681386,-0.004908523,,,,,,,,,,,
07/11/2021,62.45,101.91,17.928,,-0.024980484,-0.015267176,-0.005436592,,,,,,,,,,,
07/04/2021,64.05,103.49,18.026,,-0.010505175,0.001936296,-0.026148028,,,,,,,,,,,
06/27/2021,64.73,103.29,18.51,,-0.010547233,0.009184172,0.005978261,,,,,,,,,,,
06/20/2021,65.42,102.35,18.4,,0.062357908,0.027507278,-0.018038211,,,,,,,,,,,
06/13/2021,61.58,99.61,18.738,,-0.077176682,-0.037677519,0.028091737,,,,,,,,,,,
06/06/2021,66.73,103.51,18.226,,-0.034717199,-0.017372318,-0.023258307,,,,,,,,,,,
05/30/2021,69.13,105.34,18.66,,0.001738878,0.002092846,-0.023036649,,,,,,,,,,,
05/23/2021,69.01,105.12,19.1,,0.010987401,0.020186335,-0.019305812,,,,,,,,,,,
05/16/2021,68.26,103.04,19.476,,-0.010724638,-0.016136733,-0.009560618,,,,,,,,,,,
05/09/2021,69,104.73,19.664,,0.009214568,-0.005885145,0.008410256,,,,,,,,,,,
05/02/2021,68.37,105.35,19.5,,0.041590494,0.033552438,0.004119464,,,,,,,,,,,
04/25/2021,65.64,101.93,19.42,,0.036311967,0.003643167,-0.008677897,,,,,,,,,,,
04/18/2021,63.34,101.56,19.59,,-0.00047341,0.00415266,-0.017749699,,,,,,,,,,,
04/11/2021,63.37,101.14,19.944,,-0.000945925,0.006268033,-0.026504613,,,,,,,,,,,
04/04/2021,63.43,100.51,20.487,,0.01601794,0.017513667,-0.007364698,,,,,,,,,,,
03/28/2021,62.43,98.78,20.639,,-0.002396932,0.0046786,-0.00692874,,,,,,,,,,,
03/21/2021,62.58,98.32,20.783,,-0.000319489,0.019176946,-0.033348837,,,,,,,,,,,
03/14/2021,62.6,96.47,21.5,,-0.017731053,-0.003100134,0.005612722,,,,,,,,,,,
03/07/2021,63.73,96.77,21.38,,0.043214929,0.035637842,-0.049693306,,,,,,,,,,,
02/28/2021,61.09,93.44,22.498,,0.044273504,0.031232756,0.014337241,,,,,,,,,,,
02/21/2021,58.5,90.61,22.18,,-0.003916227,-0.004066828,0.013572179,,,,,,,,,,,
02/14/2021,58.73,90.98,21.883,,0.050250358,0.007530454,0.009363469,,,,,,,,,,,
02/07/2021,55.92,90.3,21.68,,0.020251779,0.014720755,-0.014142149,,,,,,,,,,,
01/31/2021,54.81,88.99,21.991,,0.089662028,0.049781762,-0.032724874,,,,,,,,,,,
01/24/2021,50.3,84.77,22.735,,-0.058228796,-0.042255112,0.006819893,,,,,,,,,,,
01/17/2021,53.41,88.51,22.581,,-0.029262087,-0.003602387,-0.017790344,,,,,,,,,,,
01/10/2021,55.02,88.83,22.99,,0.00603401,-0.008704386,-0.014573511,,,,,,,,,,,
01/03/2021,54.69,89.61,23.33,,0.085549821,0.011970638,0.022662517,,,,,,,,,,,
12/27/2020,50.38,88.55,22.813,,0.018189167,0.00625,-0.014088768,,,,,,,,,,,
12/20/2020,49.48,88,23.139,,0.023371251,-0.0094552,0.000778513,,,,,,,,,,,
12/13/2020,48.35,88.84,23.121,,-0.007186858,0.000788555,-0.011923077,,,,,,,,,,,
12/06/2020,48.7,88.77,23.4,,-0.013371151,-0.004932182,0.024070022,,,,,,,,,,,
11/29/2020,49.36,89.21,22.85,,0.028333333,0.004390903,-0.015680193,,,,,,,,,,,
11/22/2020,48,88.82,23.214,,0.053555751,0.024924994,0.001509987,,,,,,,,,,,
11/15/2020,45.56,86.66,23.179,,0.009975615,0.010494403,0.012183406,,,,,,,,,,,
11/08/2020,45.11,85.76,22.9,,0.113552209,0.054339808,-0.057302816,,,,,,,,,,,
11/01/2020,40.51,81.34,24.292,,0.020146059,0.072097008,-0.047372549,,,,,,,,,,,
10/25/2020,39.71,75.87,25.5,,-0.046349664,-0.06529506,0.045939295,,,,,,,,,,,
10/18/2020,41.64,81.17,24.38,,0.036078627,-0.005269608,0.008271299,,,,,,,,,,,
10/11/2020,40.19,81.6,24.18,,-0.0171191,0.011027134,0.023708721,,,,,,,,,,,
10/04/2020,40.89,80.71,23.62,,0.063735692,0.039943306,-0.01295445,,,,,,,,,,,
09/27/2020,38.44,77.61,23.93,,0.053150685,0.014642437,-0.051751466,,,,,,,,,,,
09/20/2020,36.5,76.49,25.236,,-0.0747782,-0.029068291,0.020873786,,,,,,,,,,,
09/13/2020,39.45,78.78,24.72,,-0.000253421,0.015075377,-0.004670639,,,,,,,,,,,
09/06/2020,39.46,77.61,24.836,,-0.034971876,-0.002954779,0.021217105,,,,,,,,,,,
08/30/2020,40.89,77.84,24.32,,0.0133829,-0.012057368,0.007039337,,,,,,,,,,,
08/23/2020,40.35,78.79,24.15,,0.054350666,0.030608241,-0.021316259,,,,,,,,,,,
08/16/2020,38.27,76.45,24.676,,-0.059474072,-0.013930092,0.002722581,,,,,,,,,,,
08/09/2020,40.69,77.53,24.609,,0.020055152,0.031944629,0.013550247,,,,,,,,,,,
08/02/2020,39.89,75.13,24.28,,0.040156454,0.047399972,-0.008979592,,,,,,,,,,,
07/26/2020,38.35,71.73,24.5,,-0.013124035,-0.00153118,-0.045950156,,,,,,,,,,,
07/19/2020,38.86,71.84,25.68,,0.033235842,-0.002222222,0.007849294,,,,,,,,,,,
07/12/2020,37.61,72,25.48,,-0.001062417,0.058667843,-0.008174387,,,,,,,,,,,
07/05/2020,37.65,68.01,25.69,,0.010195868,-0.014062047,0.021877486,,,,,,,,,,,
06/28/2020,37.27,68.98,25.14,,0.0100271,0.04293922,-0.049167927,,,,,,,,,,,
06/21/2020,36.9,66.14,26.44,,-0.089563286,-0.044633829,0.038491752,,,,,,,,,,,
06/14/2020,40.53,69.23,25.46,,0.005956813,0.00595757,0.006324111,,,,,,,,,,,
06/07/2020,40.29,68.82,25.3,,-0.107245735,-0.079823506,0.040296053,,,,,,,,,,,
05/31/2020,45.13,74.79,24.32,,0.17587285,0.105216492,-0.085714286,,,,,,,,,,,
05/24/2020,38.38,67.67,26.6,,0.095007133,0.059993734,-0.050678087,,,,,,,,,,,
05/17/2020,35.05,63.84,28.02,,0.057953516,0.073662967,-0.067864271,,,,,,,,,,,
05/10/2020,33.13,59.46,30.06,,-0.097029163,-0.057835525,0.083633742,,,,,,,,,,,
05/03/2020,36.69,63.11,27.74,,0.003281378,0.013489642,-0.021171489,,,,,,,,,,,
04/26/2020,36.57,62.27,28.34,,0.030721533,0.011369173,-0.012749948,,,,,,,,,,,
04/19/2020,35.48,61.57,28.706,,-0.013348165,-0.024247227,0.039319334,,,,,,,,,,,
04/12/2020,35.96,63.1,27.62,,-0.069598965,-0.001898134,0.035232384,,,,,,,,,,,
04/05/2020,38.65,63.22,26.68,,0.252836305,0.122115726,-0.197352587,,,,,,,,,,,
03/29/2020,30.85,56.34,33.24,,-0.107349537,-0.04330107,0.086984957,,,,,,,,,,,
03/22/2020,34.56,58.89,30.58,,0.104153355,0.145719844,-0.161732456,,,,,,,,,,,
03/15/2020,31.3,51.4,36.48,,-0.186378997,-0.183349221,0.263157895,,,,,,,,,,,
03/08/2020,38.47,62.94,28.88,,-0.112162474,-0.13126294,0.110470258,,,,,,,,,,,
03/01/2020,43.33,72.45,26.007,,-0.078477244,-0.00862069,-0.044071161,,,,,,,,,,,
02/23/2020,47.02,73.08,27.206,,-0.155683247,-0.125732743,0.137041836,,,,,,,,,,,
02/16/2020,55.69,83.59,23.927,,-0.011537096,-0.012405482,8.36E-05,,,,,,,,,,,
02/09/2020,56.34,84.64,23.925,,0.004994649,0.011835027,-0.041082164,,,,,,,,,,,
02/02/2020,56.06,83.65,24.95,,0.039495642,0.031315497,-0.016865001,,,,,,,,,,,
01/26/2020,53.93,81.11,25.378,,-0.026182737,-0.029204069,0.014714114,,,,,,,,,,,
01/19/2020,55.38,83.55,25.01,,-0.029102384,-0.010188366,-0.007145693,,,,,,,,,,,
01/12/2020,57.04,84.41,25.19,,-0.002448409,0.020060423,-0.024777391,,,,,,,,,,,
01/05/2020,57.18,82.75,25.83,,-0.01226464,-0.001207001,-0.000386997,,,,,,,,,,,
12/29/2019,57.89,82.85,25.84,,-0.006521366,0.011599512,-0.004277292,,,,,,,,,,,
12/22/2019,58.27,81.9,25.951,,-0.004272044,0.00564833,-0.004946319,,,,,,,,,,,
12/15/2019,58.52,81.44,26.08,,0.003601441,-0.003304369,-0.02613891,,,,,,,,,,,
12/08/2019,58.31,81.71,26.78,,0.01673932,0.007397362,0.027234369,,,,,,,,,,,
12/01/2019,57.35,81.11,26.07,,0.010572687,-0.011335934,0.002692308,,,,,,,,,,,
11/24/2019,56.75,82.04,26,,0.005314438,0.004530427,-0.015897048,,,,,,,,,,,
11/17/2019,56.45,81.67,26.42,,0.008035714,-0.007775483,0.008974604,,,,,,,,,,,
11/10/2019,56,82.31,26.185,,-0.011648429,0.006727006,-0.015971439,,,,,,,,,,,
11/03/2019,56.66,81.76,26.61,,0.038109198,0.019197208,0.032996894,,,,,,,,,,,
10/27/2019,54.58,80.22,25.76,,0.011302576,0.020610687,0,,,,,,,,,,,
10/20/2019,53.97,78.6,25.76,,0.037485582,0.021575253,0.00625,,,,,,,,,,,
10/13/2019,52.02,76.94,25.6,,0.024822695,0.001822917,-0.013677519,,,,,,,,,,,
10/06/2019,50.76,76.8,25.955,,0.013173653,0.015738659,0.002510622,,,,,,,,,,,
09/29/2019,50.1,75.61,25.89,,-0.028693292,-0.024638803,-0.004269067,,,,,,,,,,,
09/22/2019,51.58,77.52,26.001,,-0.007695267,-0.003727027,-0.004555896,,,,,,,,,,,
09/15/2019,51.98,77.81,26.12,,-0.015157257,-0.019407687,-0.021356313,,,,,,,,,,,
09/08/2019,52.78,79.35,26.69,,0.077582687,0.027849741,0.022605364,,,,,,,,,,,
09/01/2019,48.98,77.2,26.1,,0.017237799,0.019007392,-0.011363636,,,,,,,,,,,
08/25/2019,48.15,75.76,26.4,,0.040181465,0.036105033,-0.016393443,,,,,,,,,,,
08/18/2019,46.29,73.12,26.84,,-0.021973378,-0.015881561,0.004491018,,,,,,,,,,,
08/11/2019,47.33,74.3,26.72,,-0.030321655,-0.014850172,-0.001494768,,,,,,,,,,,
08/04/2019,48.81,75.42,26.76,,-0.033847981,-0.005275653,-0.01978022,,,,,,,,,,,
07/28/2019,50.52,75.82,27.3,,-0.0496614,-0.034140127,-0.009433962,,,,,,,,,,,
07/21/2019,53.16,78.5,27.56,,0.039906103,0.013557134,-0.009381403,,,,,,,,,,,
07/14/2019,51.12,77.45,27.821,,-0.00234192,-0.011991325,0.022079353,,,,,,,,,,,
07/07/2019,51.24,78.39,27.22,,-0.001364256,0.011353374,0.000146972,,,,,,,,,,,
06/30/2019,51.31,77.51,27.216,,0.016845026,0.00116249,-0.021007194,,,,,,,,,,,
06/23/2019,50.46,77.42,27.8,,0.016314199,0.004411002,0.017569546,,,,,,,,,,,
06/16/2019,49.65,77.08,27.32,,-0.003212206,0.022145604,-0.007447775,,,,,,,,,,,
06/09/2019,49.81,75.41,27.525,,0.011781434,-0.004094031,-0.00595883,,,,,,,,,,,
06/02/2019,49.23,75.72,27.69,,0.037731872,0.050936849,-0.025343189,,,,,,,,,,,
05/26/2019,47.44,72.05,28.41,,-0.041616162,-0.023448089,0.013556903,,,,,,,,,,,
05/19/2019,49.5,73.78,28.03,,-0.004024145,-0.013900027,-0.003909026,,,,,,,,,,,
05/12/2019,49.7,74.82,28.14,,-0.033450019,-0.019011407,-0.006355932,,,,,,,,,,,
05/05/2019,51.42,76.27,28.32,,-0.028528245,-0.027168367,0.006503892,,,,,,,,,,,
04/28/2019,52.93,78.4,28.137,,0.014373323,0.011351909,-0.009330329,,,,,,,,,,,
04/21/2019,52.18,77.52,28.402,,0.016559517,-0.010088111,-0.013202696,,,,,,,,,,,
04/14/2019,51.33,78.31,28.782,,0.001560976,0.013328157,0.028920745,,,,,,,,,,,
04/07/2019,51.25,77.28,27.973,,0.018481717,0.003506038,-0.002460595,,,,,,,,,,,
03/31/2019,50.32,77.01,28.042,,0.043983402,0.026389444,-0.009851347,,,,,,,,,,,
03/24/2019,48.2,75.03,28.321,,0.021835913,0.02851268,-0.011138268,,,,,,,,,,,
03/17/2019,47.17,72.95,28.64,,-0.087267802,-0.014055954,-0.008310249,,,,,,,,,,,
03/10/2019,51.68,73.99,28.88,,0.026415094,-0.003770028,-0.02227639,,,,,,,,,,,
03/03/2019,50.35,74.27,29.538,,-0.030052013,-0.028006805,0.000135437,,,,,,,,,,,
02/24/2019,51.91,76.41,29.534,,0.006983511,0.002624328,0.012131597,,,,,,,,,,,
02/17/2019,51.55,76.21,29.18,,0.005265211,0.006870128,0.000685871,,,,,,,,,,,
02/10/2019,51.28,75.69,29.16,,0.030960997,0.035856028,-0.009779951,,,,,,,,,,,
02/03/2019,49.74,73.07,29.448,,-0.00220662,0.01655537,-0.012143576,,,,,,,,,,,
01/27/2019,49.85,71.88,29.81,,-0.012871287,0.025831312,-0.028990228,,,,,,,,,,,
01/20/2019,50.5,70.07,30.7,,0.006176529,-0.001709645,-0.012003991,,,,,,,,,,,
01/13/2019,50.19,70.19,31.073,,0.077501073,0.034182997,-0.019748257,,,,,,,,,,,
01/06/2019,46.58,67.87,31.699,,0.015699956,0.041749808,-0.040645239,,,,,,,,,,,
12/30/2018,45.86,65.15,33.042,,0.048468221,0.02164027,0.000666263,,,,,,,,,,,
12/23/2018,43.74,63.77,33.02,,0.021962617,0.024417671,-0.004882165,,,,,,,,,,,
12/16/2018,42.8,62.25,33.182,,-0.062431544,-0.071588367,0.066636665,,,,,,,,,,,
12/09/2018,45.65,67.05,31.109,,-0.055256623,-0.014405409,0.021910518,,,,,,,,,,,
12/02/2018,48.32,68.03,30.442,,-0.080844588,-0.062172594,-0.006462141,,,,,,,,,,,
11/25/2018,52.57,72.54,30.64,,0.035862069,0.040298293,-0.024328111,,,,,,,,,,,
11/18/2018,50.75,69.73,31.404,,-0.022534669,-0.031393249,0.014996768,,,,,,,,,,,
11/11/2018,51.92,71.99,30.94,,-0.008403361,-0.005937586,-0.005656254,,,,,,,,,,,
11/04/2018,52.36,72.42,31.116,,0.020463847,0.020143682,-0.034264432,,,,,,,,,,,
10/28/2018,51.31,70.99,32.22,,0.048855274,0.027351664,-0.005555556,,,,,,,,,,,
10/21/2018,48.92,69.1,32.4,,-0.049173955,-0.055752938,0.009031454,,,,,,,,,,,
10/14/2018,51.45,73.18,32.11,,-0.006564974,-0.009742896,-0.025788835,,,,,,,,,,,
10/07/2018,51.79,73.9,32.96,,-0.057678311,-0.063727353,0.025513379,,,,,,,,,,,
09/30/2018,54.96,78.93,32.14,,0.016648169,0.006760204,0.023599478,,,,,,,,,,,
09/23/2018,54.06,78.4,31.399,,-0.050579557,-0.02,0.022102865,,,,,,,,,,,
09/16/2018,56.94,80,30.72,,0.022262118,0.01176173,0.000651466,,,,,,,,,,,
09/09/2018,55.7,79.07,30.7,,-0.020573237,0.019074623,0.002056337,,,,,,,,,,,
09/02/2018,56.87,77.59,30.637,,-0.002630656,0.006355383,0.008459513,,,,,,,,,,,
08/26/2018,57.02,77.1,30.38,,0.000350877,0.004953076,-0.009229364,,,,,,,,,,,
08/19/2018,57,76.72,30.663,,0.001757469,0.005768222,0.013250942,,,,,,,,,,,
08/12/2018,56.9,76.28,30.262,,0.008507621,0.01611829,-0.031306018,,,,,,,,,,,
08/05/2018,56.42,75.07,31.24,,-0.009306409,-0.010283454,0.014944769,,,,,,,,,,,
07/29/2018,56.95,75.85,30.78,,0.007073386,-0.002104986,-0.025332489,,,,,,,,,,,
07/22/2018,56.55,76.01,31.58,,0.02519942,0.021090811,0.005732484,,,,,,,,,,,
07/15/2018,55.16,74.44,31.4,,0.023376623,0.009355932,0.019480519,,,,,,,,,,,
07/08/2018,53.9,73.75,30.8,,0.000928505,0.022034368,0.002604167,,,,,,,,,,,
07/01/2018,53.85,72.16,30.72,,0.004476777,0.007399134,-0.014120668,,,,,,,,,,,
06/24/2018,53.61,71.63,31.16,,-0.025272727,-0.013496764,-0.010479517,,,,,,,,,,,
06/17/2018,55,72.61,31.49,,-0.01274457,-0.033413206,-0.017166042,,,,,,,,,,,
06/10/2018,55.71,75.12,32.04,,-0.02056962,-0.017268446,0.001500375,,,,,,,,,,,
06/03/2018,56.88,76.44,31.992,,0.023205613,0.01567898,-0.010791256,,,,,,,,,,,
05/27/2018,55.59,75.26,32.341,,-0.012786361,-0.005681068,-0.017588092,,,,,,,,,,,
05/20/2018,56.31,75.69,32.92,,-0.004596076,0.004778973,-0.025401149,,,,,,,,,,,
05/13/2018,56.57,75.33,33.778,,-0.012050297,0.008298755,0.032334963,,,,,,,,,,,
05/06/2018,57.26,74.71,32.72,,0.041280233,0.033905342,-0.009655256,,,,,,,,,,,
04/29/2018,54.99,72.26,33.039,,-0.01610306,-0.012706654,-0.010215698,,,,,,,,,,,
04/22/2018,55.89,73.19,33.38,,0.008480693,-0.031878307,-0.028521537,,,,,,,,,,,
04/15/2018,55.42,75.6,34.36,,0.010023692,0.021759697,0.006326148,,,,,,,,,,,
04/08/2018,54.87,73.99,34.144,,0.012174875,0.01676515,0.011973918,,,,,,,,,,,
04/01/2018,54.21,72.77,33.74,,-0.014005093,-0.020460358,0.002972652,,,,,,,,,,,
03/25/2018,54.98,74.29,33.64,,0.026704015,0.021308771,-0.03388857,,,,,,,,,,,
03/18/2018,53.55,72.74,34.82,,-0.082576666,-0.050143641,0.04251497,,,,,,,,,,,
03/11/2018,58.37,76.58,33.4,,-0.027004501,-0.023836839,-0.015330189,,,,,,,,,,,
03/04/2018,59.99,78.45,33.92,,0.037350856,0.044190071,-0.030857143,,,,,,,,,,,
02/25/2018,57.83,75.13,35,,-0.019165536,-0.032826982,0.023391813,,,,,,,,,,,
02/18/2018,58.96,77.68,34.2,,0.004258218,0.005045931,0.001757469,,,,,,,,,,,
02/11/2018,58.71,77.29,34.14,,0.051020408,0.047148083,-0.020654045,,,,,,,,,,,
02/04/2018,55.86,73.81,34.86,,-0.053220339,-0.053596615,0.035650624,,,,,,,,,,,
01/28/2018,59,77.99,33.66,,-0.01650275,-0.033101909,0.031882281,,,,,,,,,,,
01/21/2018,59.99,80.66,32.62,,0.019198097,0.012172167,-0.018061409,,,,,,,,,,,
01/14/2018,58.86,79.69,33.22,,0.010298661,-0.005987277,-0.002402402,,,,,,,,,,,
01/07/2018,58.26,80.17,33.3,,0.038132573,0.032852358,0.027777778,,,,,,,,,,,
12/31/2017,56.12,77.62,32.4,,0.01999273,0.02576979,0.024020228,,,,,,,,,,,
12/24/2017,55.02,75.67,31.64,,-0.010431655,0.003580902,-0.016169154,,,,,,,,,,,
12/17/2017,55.6,75.4,32.16,,0.010909091,0.01180891,0.022250477,,,,,,,,,,,
12/10/2017,55,74.52,31.46,,-0.003262051,-0.002276074,-0.011934673,,,,,,,,,,,
12/03/2017,55.18,74.69,31.84,,0.018833087,0.014947683,0.006957622,,,,,,,,,,,
11/26/2017,54.16,73.59,31.62,,0.059260708,0.030527937,0.005725191,,,,,,,,,,,
11/19/2017,51.13,71.41,31.44,,-0.002536091,0.012907801,-0.0056926,,,,,,,,,,,
11/12/2017,51.26,70.5,31.62,,0.015854142,-0.007880664,0.005085823,,,,,,,,,,,
11/05/2017,50.46,71.06,31.46,,-0.043412322,-0.010719755,-0.026006192,,,,,,,,,,,
10/29/2017,52.75,71.83,32.3,,0.000569044,-0.006775442,-0.009202454,,,,,,,,,,,
10/22/2017,52.72,72.32,32.6,,0.010348793,-0.00877193,0.016209476,,,,,,,,,,,
10/15/2017,52.18,72.96,32.08,,0.022736182,0.012489592,0.00690521,,,,,,,,,,,
10/08/2017,51.02,72.06,31.86,,-0.018279777,0.001668057,-0.015390321,,,,,,,,,,,
10/01/2017,51.97,71.94,32.358,,0.015039062,0.013239437,-0.005593116,,,,,,,,,,,
09/24/2017,51.2,71,32.54,,0.025025025,0.003533569,-0.003674219,,,,,,,,,,,
09/17/2017,49.95,70.75,32.66,,0.029048208,0.019599366,0.023824451,,,,,,,,,,,
09/10/2017,48.54,69.39,31.9,,0.040068567,0.016405449,-0.004369538,,,,,,,,,,,
09/03/2017,46.67,68.27,32.04,,-0.037334983,-0.00364857,-0.003731343,,,,,,,,,,,
08/27/2017,48.48,68.52,32.16,,-0.004926108,0.015111111,-0.00618047,,,,,,,,,,,
08/20/2017,48.72,67.5,32.36,,0.010998132,0.005212211,-0.021765417,,,,,,,,,,,
08/13/2017,48.19,67.15,33.08,,-0.005571605,-0.010462717,-0.003013864,,,,,,,,,,,
08/06/2017,48.46,67.86,33.18,,-0.035621891,-0.014808362,0.021488825,,,,,,,,,,,
07/30/2017,50.25,68.88,32.482,,0.022588523,0.007017544,0.000369572,,,,,,,,,,,
07/23/2017,49.14,68.4,32.47,,0.00511352,-0.005524862,-0.003865505,,,,,,,,,,,
07/16/2017,48.89,68.78,32.596,,-0.016297787,-0.009361947,-0.005613179,,,,,,,,,,,
07/09/2017,49.7,69.43,32.78,,-0.009368148,0.011214681,-0.015024038,,,,,,,,,,,
07/02/2017,50.17,68.66,33.28,,0.016822051,0.008075173,0.014634146,,,,,,,,,,,
06/25/2017,49.34,68.11,32.8,,0.045782111,0.001470372,0.007990166,,,,,,,,,,,
06/18/2017,47.18,68.01,32.54,,-0.023592715,-0.009755387,-0.001227747,,,,,,,,,,,
06/11/2017,48.32,68.68,32.58,,-0.003916718,0.011338536,-0.014519056,,,,,,,,,,,
06/04/2017,48.51,67.91,33.06,,0.050909879,-0.004398182,0.000605327,,,,,,,,,,,
05/28/2017,46.16,68.21,33.04,,-0.016197783,0.011867675,-0.010778443,,,,,,,,,,,
05/21/2017,46.92,67.41,33.4,,0.008381689,0.018893591,-0.007724302,,,,,,,,,,,
05/14/2017,46.53,66.16,33.66,,-0.015238095,-0.002111614,-0.014059754,,,,,,,,,,,
05/07/2017,47.25,66.3,34.14,,-0.012539185,-0.009264794,0.01305638,,,,,,,,,,,
04/30/2017,47.85,66.92,33.7,,0.01635514,0.00874284,0.005369928,,,,,,,,,,,
04/23/2017,47.08,66.34,33.52,,0.01816609,0.014218009,0.021048463,,,,,,,,,,,
04/16/2017,46.24,65.41,32.829,,0.018053721,0.021711965,-0.009981906,,,,,,,,,,,
04/09/2017,45.42,64.02,33.16,,-0.031969309,-0.017042837,-0.008373206,,,,,,,,,,,
04/02/2017,46.92,65.13,33.44,,-0.012418438,0.00107593,-0.008303677,,,,,,,,,,,
03/26/2017,47.51,65.06,33.72,,0.015387903,0.008213234,-0.009982384,,,,,,,,,,,
03/19/2017,46.79,64.53,34.06,,-0.047434853,-0.017509135,-0.003510825,,,,,,,,,,,
03/12/2017,49.12,65.68,34.18,,-0.015828491,-0.002430134,-0.021751574,,,,,,,,,,,
03/05/2017,49.91,65.84,34.94,,-0.009329099,-0.007237636,0.039262344,,,,,,,,,,,
02/26/2017,50.38,66.32,33.62,,0.020457768,0.006526028,0.009003601,,,,,,,,,,,
02/19/2017,49.37,65.89,33.32,,-0.004637097,0,-0.020576132,,,,,,,,,,,
02/12/2017,49.6,65.89,34.02,,0.033333333,0.017920593,-0.002346041,,,,,,,,,,,
02/05/2017,48,64.73,34.1,,0.000625391,0.017447344,-0.013310185,,,,,,,,,,,
01/29/2017,47.97,63.62,34.56,,0.003556485,-0.013490464,-0.00974212,,,,,,,,,,,
01/22/2017,47.8,64.49,34.9,,0.027073485,0.016551072,0.00867052,,,,,,,,,,,
01/15/2017,46.54,63.44,34.6,,-0.028392484,0.003479911,-0.004602992,,,,,,,,,,,
01/08/2017,47.9,63.22,34.76,,0.003772003,0.001267026,0.016968988,,,,,,,,,,,
01/01/2017,47.72,63.14,34.18,,0.00951978,0.014786242,-0.020630372,,,,,,,,,,,
12/25/2016,47.27,62.22,34.9,,-0.013152401,-0.012224163,-0.016347238,,,,,,,,,,,
12/18/2016,47.9,62.99,35.48,,0.015906681,0.006551614,-0.0002536,,,,,,,,,,,
12/11/2016,47.15,62.58,35.489,,-0.026228831,-0.021881838,0.006494611,,,,,,,,,,,
12/04/2016,48.42,63.98,35.26,,0.06230803,0.018627607,-0.036612022,,,,,,,,,,,
11/27/2016,45.58,62.81,36.6,,0.01582349,0.001594642,0.003839824,,,,,,,,,,,
11/20/2016,44.87,62.71,36.46,,0.0133243,0.023001631,-0.014594595,,,,,,,,,,,
11/13/2016,44.28,61.3,37,,0.038218054,0.004095004,-0.008574491,,,,,,,,,,,
11/06/2016,42.65,61.05,37.32,,0.126221283,0.081105012,0.010286952,,,,,,,,,,,
10/30/2016,37.87,56.47,36.94,,-0.014571949,-0.011033275,0.018388333,,,,,,,,,,,
10/23/2016,38.43,57.1,36.273,,0.011848341,0.001930163,0.031068789,,,,,,,,,,,
10/16/2016,37.98,56.99,35.18,,0.034877384,-0.004193605,-0.006214689,,,,,,,,,,,
10/09/2016,36.7,57.23,35.4,,-0.022636485,-0.005733148,-0.01167011,,,,,,,,,,,
10/02/2016,37.55,57.56,35.818,,0.02933114,-0.014045906,0.050381232,,,,,,,,,,,
09/25/2016,36.48,58.38,34.1,,-0.004638472,0.011434511,0.016696482,,,,,,,,,,,
09/18/2016,36.65,57.72,33.54,,0.012990603,0.019607843,-0.040617849,,,,,,,,,,,
09/11/2016,36.18,56.61,34.96,,-0.020838972,-0.008928571,0.006332758,,,,,,,,,,,
09/04/2016,36.95,57.12,34.74,,-0.014403841,-0.030714407,0.037014925,,,,,,,,,,,
08/28/2016,37.49,58.93,33.5,,0.02319869,0.004602796,-0.01586369,,,,,,,,,,,
08/21/2016,36.64,58.66,34.04,,0.011037528,-0.006099627,0.003123711,,,,,,,,,,,
08/14/2016,36.24,59.02,33.934,,0.017120404,0.007855191,0.019039039,,,,,,,,,,,
08/07/2016,35.63,58.56,33.3,,-0.013019391,0.004287429,0.001805054,,,,,,,,,,,
07/31/2016,36.1,58.31,33.24,,0.029663434,0.004651964,0.019006744,,,,,,,,,,,
07/24/2016,35.06,58.04,32.62,,0.008920863,-0.0042889,-0.005487805,,,,,,,,,,,
07/17/2016,34.75,58.29,32.8,,0.004045074,-0.006815471,-0.017375674,,,,,,,,,,,
07/10/2016,34.61,58.69,33.38,,0.043412722,0.025511096,-0.005363528,,,,,,,,,,,
07/03/2016,33.17,57.23,33.56,,0.002720677,0.018508631,-0.011196229,,,,,,,,,,,
06/26/2016,33.08,56.19,33.94,,0.01254974,0.033284296,-0.043404735,,,,,,,,,,,
06/19/2016,32.67,54.38,35.48,,-0.037135279,-0.024223937,0.000394744,,,,,,,,,,,
06/12/2016,33.93,55.73,35.466,,-0.036900369,-0.013104303,-0.006554622,,,,,,,,,,,
06/05/2016,35.23,56.47,35.7,,-0.022746186,0.008572959,-0.00055991,,,,,,,,,,,
05/29/2016,36.05,55.99,35.72,,-0.017711172,0.00107277,-0.009977827,,,,,,,,,,,
05/22/2016,36.7,55.93,36.08,,0.033220721,0.016354716,-0.022619531,,,,,,,,,,,
05/15/2016,35.52,55.03,36.915,,0.042253521,-0.000363306,0.025986659,,,,,,,,,,,
05/08/2016,34.08,55.05,35.98,,-0.012173913,-0.010603882,0.010674157,,,,,,,,,,,
05/01/2016,34.5,55.64,35.6,,-0.030898876,-0.009259259,-0.038019834,,,,,,,,,,,
04/24/2016,35.6,56.16,37.007,,-0.015486726,-0.004431838,0.000730124,,,,,,,,,,,
04/17/2016,36.16,56.41,36.98,,0.05146845,0.006422837,0.015934066,,,,,,,,,,,
04/10/2016,34.39,56.05,36.4,,0.071339564,0.02449278,-0.003831418,,,,,,,,,,,
04/03/2016,32.1,54.71,36.54,,-0.036325428,-0.01830253,0.003708282,,,,,,,,,,,
03/27/2016,33.31,55.73,36.405,,-0.00089982,0.011066763,-0.032296651,,,,,,,,,,,
03/20/2016,33.34,55.12,37.62,,-0.016519174,-0.009167715,0.01543943,,,,,,,,,,,
03/13/2016,33.9,55.63,37.048,,0.005040024,0.02942265,-0.024539231,,,,,,,,,,,
03/06/2016,33.73,54.04,37.98,,-0.002071006,0.004834511,-0.018097208,,,,,,,,,,,
02/28/2016,33.8,53.78,38.68,,0.062225016,0.025357483,-0.038719618,,,,,,,,,,,
02/21/2016,31.82,52.45,40.238,,0.01531589,0.022018706,-0.024296799,,,,,,,,,,,
02/14/2016,31.34,51.32,41.24,,0.020846906,0.033219247,-0.040573237,,,,,,,,,,,
02/07/2016,30.7,49.67,42.984,,-0.028481013,-0.007394085,0.04279476,,,,,,,,,,,
01/31/2016,31.6,50.04,41.22,,-0.036879,0.0010002,0.025373134,,,,,,,,,,,
01/24/2016,32.81,49.99,40.2,,0.02499219,0.027754934,-0.010339734,,,,,,,,,,,
01/17/2016,32.01,48.64,40.62,,-0.021100917,-0.00020555,-0.012159533,,,,,,,,,,,
01/10/2016,32.7,48.65,41.12,,-0.041336851,-0.021520515,0.029183561,,,,,,,,,,,
01/03/2016,34.11,49.72,39.954,,-0.092577813,-0.062063762,0.036097713,,,,,,,,,,,
12/27/2015,37.59,53.01,38.562,,-0.013126805,-0.008417508,-0.005108359,,,,,,,,,,,
12/20/2015,38.09,53.46,38.76,,0.030852503,0.033243139,-0.020717534,,,,,,,,,,,
12/13/2015,36.95,51.74,39.58,,-0.008053691,-0.01653678,-0.020781791,,,,,,,,,,,
12/06/2015,37.25,52.61,40.42,,-0.061239919,-0.035740469,0.025523926,,,,,,,,,,,
11/29/2015,39.68,54.56,39.414,,0.011213048,-0.009620621,0.010097386,,,,,,,,,,,
11/22/2015,39.24,55.09,39.02,,0.001020408,-0.00505689,-0.007629705,,,,,,,,,,,
11/15/2015,39.2,55.37,39.32,,0.029682164,0.034566517,-0.035801864,,,,,,,,,,,
11/08/2015,38.07,53.52,40.78,,-0.037177542,-0.024425811,0.019805942,,,,,,,,,,,
11/01/2015,39.54,54.86,39.988,,0.055807744,0.010871568,0.018543046,,,,,,,,,,,
10/25/2015,37.45,54.27,39.26,,-0.008472333,-0.007135016,0.005635246,,,,,,,,,,,
10/18/2015,37.77,54.66,39.04,,0.030278232,0.040152236,-0.011144883,,,,,,,,,,,
10/11/2015,36.66,52.55,39.48,,0.004108463,-0.015548895,-0.011517276,,,,,,,,,,,
10/04/2015,36.51,53.38,39.94,,0.021258741,0.058916882,-0.032929782,,,,,,,,,,,
09/27/2015,35.75,50.41,41.3,,-0.014336918,0.012045774,-0.01290631,,,,,,,,,,,
09/20/2015,36.27,49.81,41.84,,0.015397536,-0.020644908,0.003838772,,,,,,,,,,,
09/13/2015,35.72,50.86,41.68,,-0.031715912,-0.012618909,-0.027985075,,,,,,,,,,,
09/06/2015,36.89,51.51,42.88,,0.020470263,0.022835584,-0.019661637,,,,,,,,,,,
08/30/2015,36.15,50.36,43.74,,-0.037027171,-0.026859903,0.042421354,,,,,,,,,,,
08/23/2015,37.54,51.75,41.96,,-0.003979836,0.005635445,0.027424094,,,,,,,,,,,
08/16/2015,37.69,51.46,40.84,,-0.066154609,-0.053696212,0.025100402,,,,,,,,,,,
08/09/2015,40.36,54.38,39.84,,0.000495786,0.012851555,-0.016781836,,,,,,,,,,,
08/02/2015,40.34,53.69,40.52,,0,-0.009774991,0,,,,,,,,,,,
07/26/2015,40.34,54.22,40.52,,-0.00123793,0.024952741,-0.010742187,,,,,,,,,,,
07/19/2015,40.39,52.9,40.96,,-0.01077639,-0.036780772,0.004758868,,,,,,,,,,,
07/12/2015,40.83,54.92,40.766,,0.03262519,0.013845302,-0.007160253,,,,,,,,,,,
07/05/2015,39.54,54.17,41.06,,-0.00753012,-0.001106399,-0.017233126,,,,,,,,,,,
06/28/2015,39.84,54.23,41.78,,-0.017751479,-0.015253314,-0.00549856,,,,,,,,,,,
06/21/2015,40.56,55.07,42.011,,0.007952286,-0.01166547,0.027666341,,,,,,,,,,,
06/14/2015,40.24,55.72,40.88,,-0.010816126,-0.004644516,-0.016622164,,,,,,,,,,,
06/07/2015,40.68,55.98,41.571,,0.016491754,0.002148228,-0.004525862,,,,,,,,,,,
05/31/2015,40.02,55.86,41.76,,0.027998973,0.000895897,0.023529412,,,,,,,,,,,
05/24/2015,38.93,55.81,40.8,,-0.007394187,-0.019156415,0.010126018,,,,,,,,,,,
05/17/2015,39.22,56.9,40.391,,0.01369863,-0.003677114,0.008791428,,,,,,,,,,,
05/10/2015,38.69,57.11,40.039,,0.001034929,0.009367268,-0.005983118,,,,,,,,,,,
05/03/2015,38.65,56.58,40.28,,0.016035752,0.004438132,-0.005824859,,,,,,,,,,,
04/26/2015,38.04,56.33,40.516,,0.016840417,0.000177557,0.026241135,,,,,,,,,,,
04/19/2015,37.41,56.32,39.48,,0.00133833,0.009318996,-0.009533367,,,,,,,,,,,
04/12/2015,37.36,55.8,39.86,,-0.001603421,-0.020537125,0.007583418,,,,,,,,,,,
04/05/2015,37.42,56.97,39.56,,0.003486189,0.027782789,0.026466009,,,,,,,,,,,
03/29/2015,37.29,55.43,38.54,,0.016630316,-0.002160216,-0.014322251,,,,,,,,,,,
03/22/2015,36.68,55.55,39.1,,-0.034482759,-0.027485994,0.028406102,,,,,,,,,,,
03/15/2015,37.99,57.12,38.02,,0.005026455,0.018544936,-0.053616767,,,,,,,,,,,
03/08/2015,37.8,56.08,40.174,,0.005854178,-0.006730429,-0.017270059,,,,,,,,,,,
03/01/2015,37.58,56.46,40.88,,0.010215054,-0.017916159,0.034412955,,,,,,,,,,,
02/22/2015,37.2,57.49,39.52,,-0.001610306,-0.011519945,0.01115546,,,,,,,,,,,
02/15/2015,37.26,58.16,39.084,,-0.001340123,0.017316775,-0.001124514,,,,,,,,,,,
02/08/2015,37.31,57.17,39.128,,0.017730496,0.017259786,-0.001327208,,,,,,,,,,,
02/01/2015,36.66,56.2,39.18,,0.069740298,0.029869892,0.02565445,,,,,,,,,,,
01/25/2015,34.27,54.57,38.2,,-0.027525539,-0.025187567,0.005739561,,,,,,,,,,,
01/18/2015,35.24,55.98,37.982,,0.019086177,0.022839393,-0.01611232,,,,,,,,,,,
01/11/2015,34.58,54.73,38.604,,-0.040244241,-0.012450379,-0.013618826,,,,,,,,,,,
01/04/2015,36.03,55.42,39.137,,-0.052839117,-0.019288621,-0.033129107,,,,,,,,,,,
12/28/2014,38.04,56.51,40.478,,-0.009375,-0.015505226,0.003321436,,,,,,,,,,,
12/21/2014,38.4,57.4,40.344,,0.011591149,0.014313483,-0.010206084,,,,,,,,,,,
12/14/2014,37.96,56.59,40.76,,0.025114772,0.032287486,-0.018777082,,,,,,,,,,,
12/07/2014,37.03,54.82,41.54,,-0.037431765,-0.042612644,-0.000288795,,,,,,,,,,,
11/30/2014,38.47,57.26,41.552,,0.025319829,0.006150062,0.006101695,,,,,,,,,,,
11/23/2014,37.52,56.91,41.3,,0.002672368,-0.004721931,-0.021327014,,,,,,,,,,,
11/16/2014,37.42,57.18,42.2,,-0.000801068,0.015450186,-0.010782935,,,,,,,,,,,
11/09/2014,37.45,56.31,42.66,,-0.004783417,0.003564427,0.005183789,,,,,,,,,,,
11/02/2014,37.63,56.11,42.44,,0.013739224,0.016301395,-0.004690432,,,,,,,,,,,
10/26/2014,37.12,55.21,42.64,,0.041526375,0.02792776,-0.017964072,,,,,,,,,,,
10/19/2014,35.64,53.71,43.42,,0.036950829,0.043317793,-0.026457399,,,,,,,,,,,
10/12/2014,34.37,51.48,44.6,,-0.031830986,0.023052464,-0.014146773,,,,,,,,,,,
10/05/2014,35.5,50.32,45.24,,-0.038721906,-0.046969697,-0.019930676,,,,,,,,,,,
09/28/2014,36.93,52.8,46.16,,-0.003238866,-0.009566685,0.000867303,,,,,,,,,,,
09/21/2014,37.05,53.31,46.12,,-0.023200633,-0.020576888,0.015859031,,,,,,,,,,,
09/14/2014,37.93,54.43,45.4,,0.013087607,0.008149657,-0.00094624,,,,,,,,,,,
09/07/2014,37.44,53.99,45.443,,0.011345219,-0.006258053,0.053872913,,,,,,,,,,,
08/31/2014,37.02,54.33,43.12,,0.006525285,0.005738615,-0.015974441,,,,,,,,,,,
08/24/2014,36.78,54.02,43.82,,0.004918033,-0.002400739,0.002654219,,,,,,,,,,,
08/17/2014,36.6,54.15,43.704,,0.030405405,0.023823029,-0.01529865,,,,,,,,,,,
08/10/2014,35.52,52.89,44.383,,0.00254022,0.013801035,-0.010191793,,,,,,,,,,,
08/03/2014,35.43,52.17,44.84,,-0.003935901,0.007531866,-0.007723118,,,,,,,,,,,
07/27/2014,35.57,51.78,45.189,,-0.033423913,-0.03736754,0.010532671,,,,,,,,,,,
07/20/2014,36.8,53.79,44.718,,0.01210121,-0.00829646,0.001747312,,,,,,,,,,,
07/13/2014,36.36,54.24,44.64,,-0.003016178,0.003144072,-0.01107665,,,,,,,,,,,
07/06/2014,36.47,54.07,45.14,,-0.018304172,-0.012420091,-0.008347979,,,,,,,,,,,
06/29/2014,37.15,54.75,45.52,,0.014196014,0.008473015,0.007079646,,,,,,,,,,,
06/22/2014,36.63,54.29,45.2,,-0.003265306,-0.013267903,-0.00833699,,,,,,,,,,,
06/15/2014,36.75,55.02,45.58,,0.008507135,0.009541284,-0.006971678,,,,,,,,,,,
06/08/2014,36.44,54.5,45.9,,-0.000822594,-0.01464473,0.017287234,,,,,,,,,,,
06/01/2014,36.47,55.31,45.12,,0.027903044,0.023311748,-0.011826544,,,,,,,,,,,
05/25/2014,35.48,54.05,45.66,,0.011690904,0.009337068,-0.012115967,,,,,,,,,,,
05/18/2014,35.07,53.55,46.22,,0.01977319,0.008664532,-0.001727862,,,,,,,,,,,
05/11/2014,34.39,53.09,46.3,,-0.016866781,0.001509149,-0.000431779,,,,,,,,,,,
05/04/2014,34.98,53.01,46.32,,-0.006532235,0.003597122,-0.01362862,,,,,,,,,,,
04/27/2014,35.21,52.82,46.96,,-0.000567698,0.005903637,-0.018189421,,,,,,,,,,,
04/20/2014,35.23,52.51,47.83,,-0.007046223,-0.004549763,-0.006233119,,,,,,,,,,,
04/13/2014,35.48,52.75,48.13,,0.013714286,0.036345776,-0.011704312,,,,,,,,,,,
04/06/2014,35,50.9,48.7,,-0.049429658,-0.031214313,0.007009781,,,,,,,,,,,
03/30/2014,36.82,52.54,48.361,,0.003816794,0.015658225,-0.009807535,,,,,,,,,,,
03/23/2014,36.68,51.73,48.84,,-0.017412269,0.001548887,-0.005437107,,,,,,,,,,,
03/16/2014,37.33,51.65,49.107,,0.043028779,0.005842259,0.001182491,,,,,,,,,,,
03/09/2014,35.79,51.35,49.049,,-0.024263904,-0.031132075,-0.003028578,,,,,,,,,,,
03/02/2014,36.68,53,49.198,,0.034113335,0.018056089,0.01226287,,,,,,,,,,,
02/23/2014,35.47,52.06,48.602,,0.017498566,0.013037556,-0.014957438,,,,,,,,,,,
02/16/2014,34.86,51.39,49.34,,-0.014140271,0.000389332,-0.008041817,,,,,,,,,,,
02/09/2014,35.36,51.37,49.74,,0.015508329,0.017832376,-0.021251476,,,,,,,,,,,
02/02/2014,34.82,50.47,50.82,,0.008690614,0.008794723,-0.00524585,,,,,,,,,,,
01/26/2014,34.52,50.03,51.088,,-0.018202503,0.004416784,-0.020176448,,,,,,,,,,,
01/19/2014,35.16,49.81,52.14,,-0.025498891,-0.038788113,0.005787037,,,,,,,,,,,
01/12/2014,36.08,51.82,51.84,,-0.00660793,-0.002118236,-0.003460208,,,,,,,,,,,
01/05/2014,36.32,51.93,52.02,,0.019079686,0.005031933,-0.012528474,,,,,,,,,,,
12/29/2013,35.64,51.67,52.68,,0.00592718,-0.006346154,-0.012632605,,,,,,,,,,,
12/22/2013,35.43,52,53.354,,0.011130137,0.014436208,-0.006443203,,,,,,,,,,,
12/15/2013,35.04,51.26,53.7,,0.020979021,0.029937713,-0.009955752,,,,,,,,,,,
12/08/2013,34.32,49.77,54.24,,-0.011235955,-0.011323004,0.016872891,,,,,,,,,,,
12/01/2013,34.71,50.34,53.34,,-0.005729017,-0.001190476,-0.00633383,,,,,,,,,,,
11/24/2013,34.91,50.4,53.68,,0.00057323,0.000993049,-0.001116487,,,,,,,,,,,
11/17/2013,34.89,50.35,53.74,,0.0222678,0.00679864,0.028005203,,,,,,,,,,,
11/10/2013,34.13,50.01,52.276,,0.005894489,0.012758202,-0.015517891,,,,,,,,,,,
11/03/2013,33.93,49.38,53.1,,0.025695284,0.008372473,0.042402827,,,,,,,,,,,
10/27/2013,33.08,48.97,50.94,,-0.007202881,0.004306809,0.02161967,,,,,,,,,,,
10/20/2013,33.32,48.76,49.862,,-0.01010101,0.02243657,-0.014195334,,,,,,,,,,,
10/13/2013,33.66,47.69,50.58,,0.030618494,0.019017094,-0.031405592,,,,,,,,,,,
10/06/2013,32.66,46.8,52.22,,0.008958913,0.011454506,-0.024289985,,,,,,,,,,,
09/29/2013,32.37,46.27,53.52,,0.00966937,-0.008783205,0.010154392,,,,,,,,,,,
09/22/2013,32.06,46.68,52.982,,-0.017167382,-0.005962521,0.008028919,,,,,,,,,,,
09/15/2013,32.62,46.96,52.56,,-0.004577357,0.016230253,-0.023175423,,,,,,,,,,,
09/08/2013,32.77,46.21,53.807,,0.008307692,0.030093625,-0.021335031,,,,,,,,,,,
09/01/2013,32.5,44.86,54.98,,0.015625,0.018619437,-0.008297258,,,,,,,,,,,
08/25/2013,32,44.04,55.44,,-0.040767386,-0.024152448,0.010940919,,,,,,,,,,,
08/18/2013,33.36,45.13,54.84,,0.002102734,0.003334815,-0.020364416,,,,,,,,,,,
08/11/2013,33.29,44.98,55.98,,-0.008636093,-0.011211255,0.06466337,,,,,,,,,,,
08/04/2013,33.58,45.49,52.58,,-0.022700815,-0.011516732,-0.00227704,,,,,,,,,,,
07/28/2013,34.36,46.02,52.7,,0.01446708,0.02425996,0.032119076,,,,,,,,,,,
07/21/2013,33.87,44.93,51.06,,-0.001474057,-0.010570359,0.016321656,,,,,,,,,,,
07/14/2013,33.92,45.41,50.24,,0.024154589,0.0215973,-0.011023622,,,,,,,,,,,
07/07/2013,33.12,44.45,50.8,,0.01129771,0.026558891,-0.03824309,,,,,,,,,,,
06/30/2013,32.75,43.3,52.82,,0.038363982,0.015478424,0.013430545,,,,,,,,,,,
06/23/2013,31.54,42.64,52.12,,0.022697795,0.008037825,-0.043669725,,,,,,,,,,,
06/16/2013,30.84,42.3,54.5,,-0.006123107,-0.023094688,0.050501157,,,,,,,,,,,
06/09/2013,31.03,43.3,51.88,,-0.02236925,-0.011189769,0.001544402,,,,,,,,,,,
06/02/2013,31.74,43.79,51.8,,0.019595246,0.005972892,0.003098373,,,,,,,,,,,
05/26/2013,31.13,43.53,51.64,,-0.006383658,-0.004118051,0.04788961,,,,,,,,,,,
05/19/2013,31.33,43.71,49.28,,-0.004448681,-0.010414308,0.04322791,,,,,,,,,,,
05/12/2013,31.47,44.17,47.238,,0.045167718,0.022690438,-0.018329177,,,,,,,,,,,
05/05/2013,30.11,43.19,48.12,,0.028346995,0.025160218,-0.005374122,,,,,,,,,,,
04/28/2013,29.28,42.13,48.38,,0.011049724,0.021828765,-0.017465475,,,,,,,,,,,
04/21/2013,28.96,41.23,49.24,,0.028044018,0.021050025,-0.009255533,,,,,,,,,,,
04/14/2013,28.17,40.38,49.7,,-0.023908524,-0.033045977,0.009506012,,,,,,,,,,,
04/07/2013,28.86,41.76,49.232,,0.017630465,0.019282402,-0.022437552,,,,,,,,,,,
03/31/2013,28.36,40.97,50.362,,-0.018345448,-0.018917625,-0.019049474,,,,,,,,,,,
03/24/2013,28.89,41.76,51.34,,-0.006875215,0.003363767,-0.014435998,,,,,,,,,,,
03/17/2013,29.09,41.62,52.092,,-0.016232668,-0.00833929,0.001769231,,,,,,,,,,,
03/10/2013,29.57,41.97,52,,0.016151203,0.003586801,-0.006116208,,,,,,,,,,,
03/03/2013,29.1,41.82,52.32,,0.044508256,0.022493888,-0.008715423,,,,,,,,,,,
02/24/2013,27.86,40.9,52.78,,-0.004644516,0.001469148,-0.002645503,,,,,,,,,,,
02/17/2013,27.99,40.84,52.92,,-0.010604454,-0.005358013,-0.001132503,,,,,,,,,,,
02/10/2013,28.29,41.06,52.98,,0.001061571,0.011081015,-0.003386005,,,,,,,,,,,
02/03/2013,28.26,40.61,53.16,,0.006410256,0.003459353,-0.004121394,,,,,,,,,,,
01/27/2013,28.08,40.47,53.38,,0.010071942,0,0.00527307,,,,,,,,,,,
01/20/2013,27.8,40.47,53.1,,0.011644833,0.013523666,-0.015937732,,,,,,,,,,,
01/13/2013,27.48,39.93,53.96,,0.008070433,0.021488872,-0.00918105,,,,,,,,,,,
01/06/2013,27.26,39.09,54.46,,-0.009807483,-0.000766871,-0.004296554,,,,,,,,,,,
12/30/2012,27.53,39.12,54.695,,0.059661278,0.051047824,-0.033315659,,,,,,,,,,,
12/23/2012,25.98,37.22,56.58,,-0.011039208,-0.018718692,0.010357143,,,,,,,,,,,
12/16/2012,26.27,37.93,56,,0.035883281,0.008240298,-0.024390244,,,,,,,,,,,
12/09/2012,25.36,37.62,57.4,,0.001975504,0.003467591,0.007017544,,,,,,,,,,,
12/02/2012,25.31,37.49,57,,0.01361634,0.009695664,-0.013157895,,,,,,,,,,,
11/25/2012,24.97,37.13,57.76,,-0.010305192,0.010615133,-0.007560137,,,,,,,,,,,
11/18/2012,25.23,36.74,58.2,,0.041271151,0.034346847,-0.022505878,,,,,,,,,,,
11/11/2012,24.23,35.52,59.54,,-0.01902834,-0.020678246,0.021339371,,,,,,,,,,,
11/04/2012,24.7,36.27,58.296,,-0.038910506,-0.015204996,0.020588235,,,,,,,,,,,
10/28/2012,25.7,36.83,57.12,,0.01822504,0.01404185,-0.020609718,,,,,,,,,,,
10/21/2012,25.24,36.32,58.322,,-0.025482625,-0.012775211,0.025351617,,,,,,,,,,,
10/14/2012,25.9,36.79,56.88,,0.01171875,0.009327846,-0.014553015,,,,,,,,,,,
10/07/2012,25.6,36.45,57.72,,-0.027725028,-0.019106566,0.009443861,,,,,,,,,,,
09/30/2012,26.33,37.16,57.18,,0.037431048,0.017246099,-0.002094241,,,,,,,,,,,
09/23/2012,25.38,36.53,57.3,,-0.013602798,-0.01216874,0.015165474,,,,,,,,,,,
09/16/2012,25.73,36.98,56.444,,-0.026485055,-0.02065678,0.028123862,,,,,,,,,,,
09/09/2012,26.43,37.76,54.9,,0.047562426,0.020540541,-0.01999286,,,,,,,,,,,
09/02/2012,25.23,37,56.02,,0.042131351,0.01760176,-0.01511955,,,,,,,,,,,
08/26/2012,24.21,36.36,56.88,,0.001654944,-0.009534187,-0.006671091,,,,,,,,,,,
08/19/2012,24.17,36.71,57.262,,-0.000826788,-0.012641205,-0.001534438,,,,,,,,,,,
08/12/2012,24.19,37.18,57.35,,0.020675105,0.013631407,-0.012262754,,,,,,,,,,,
08/05/2012,23.7,36.68,58.062,,0.005089059,0.014380531,0.02221831,,,,,,,,,,,
07/29/2012,23.58,36.16,56.8,,0.000424268,0.00416551,-0.00664568,,,,,,,,,,,
07/22/2012,23.57,36.01,57.18,,0.027462947,0.024175199,-0.010692412,,,,,,,,,,,
07/15/2012,22.94,35.16,57.798,,-0.02258202,0.008316605,0.005182609,,,,,,,,,,,
07/08/2012,23.47,34.87,57.5,,0.014699524,-0.009656348,-0.006565308,,,,,,,,,,,
07/01/2012,23.13,35.21,57.88,,-0.011115861,-0.012895991,-0.01137567,,,,,,,,,,,
06/24/2012,23.39,35.67,58.546,,0.014750542,0.02647482,-0.037072368,,,,,,,,,,,
06/17/2012,23.05,34.75,60.8,,0.008752735,-0.005722461,0.005291005,,,,,,,,,,,
06/10/2012,22.85,34.95,60.48,,0.026504942,0.004310345,-0.006570302,,,,,,,,,,,
06/03/2012,22.26,34.8,60.88,,0.038246269,0.032334619,-0.04035309,,,,,,,,,,,
05/27/2012,21.44,33.71,63.44,,-0.047957371,-0.03465063,0.023225806,,,,,,,,,,,
05/20/2012,22.52,34.92,62,,0.025034137,0.023446659,-0.025463691,,,,,,,,,,,
05/13/2012,21.97,34.12,63.62,,-0.072212838,-0.043453883,0.069603228,,,,,,,,,,,
05/06/2012,23.68,35.67,59.48,,-0.017427386,-0.017355372,-0.005916369,,,,,,,,,,,
04/29/2012,24.1,36.3,59.834,,-0.033680834,-0.028372591,0.005647249,,,,,,,,,,,
04/22/2012,24.94,37.36,59.498,,0.028029678,0.016045689,-0.02430305,,,,,,,,,,,
04/15/2012,24.26,36.77,60.98,,0.009151414,0.012111203,-0.025255754,,,,,,,,,,,
04/08/2012,24.04,36.33,62.56,,-0.034925733,-0.017311334,0.005012209,,,,,,,,,,,
04/01/2012,24.91,36.97,62.248,,-0.016581129,-0.011761561,0.013118063,,,,,,,,,,,
03/25/2012,25.33,37.41,61.442,,,,,,,,,,,,,,,
